model,split,n_rows,roc_auc,pr_auc,accuracy,balanced_accuracy,macro_f1,sensitivity,specificity,ppv,npv,brier_score,log_loss
logistic_regression,validation,375,0.7848552927183824,0.4391462435516575,0.8186666666666667,0.6909607506277257,0.653268791471772,0.5217391304347826,0.8601823708206687,0.34285714285714286,0.9278688524590164,0.12238024450274045,0.39207913642942904
hist_gradient_boosting,validation,375,0.753402933791463,0.3590827898638678,0.88,0.5669684154883046,0.5860825627314872,0.15217391304347827,0.9817629179331308,0.5384615384615384,0.8922651933701657,0.10282223635473425,0.43378267492776845
