ablation,model,split,n_rows,accuracy,balanced_accuracy,macro_f1,cohen_kappa,roc_auc_ovr,log_loss,brier_score,precision_class_0,recall_class_0,f1_class_0,precision_class_1,recall_class_1,f1_class_1,precision_class_2,recall_class_2,f1_class_2,confusion_matrix,selected_for_ablation
features_only,logistic_regression,validation,2006,0.6345962113659023,0.6598839097103508,0.6447950521179225,0.4288339051864546,0.8244137464023416,0.7303830890164347,0.4676193019098194,0.5332512315270936,0.7915904936014625,0.637233259749816,0.6852976913730255,0.549172346640701,0.6097297297297297,0.7439353099730458,0.6388888888888888,0.6874221668742216,"[[433, 113, 1], [369, 564, 94], [10, 146, 276]]",True
features_plus_forecast,logistic_regression,validation,2006,0.6331006979062812,0.6614698156764008,0.6443718228031953,0.4283205180527795,0.8286330043927448,0.723925281183222,0.46333996111771975,0.5301353013530136,0.7879341864716636,0.6338235294117647,0.6872682323856613,0.5413826679649465,0.6056644880174292,0.7369791666666666,0.6550925925925926,0.6936274509803921,"[[431, 114, 2], [372, 556, 99], [10, 139, 283]]",True
features_plus_source_dx,hist_gradient_boosting,validation,2006,0.8265204386839482,0.7929011145216339,0.8099439661342033,0.7106039903425221,0.9140785014926501,0.5586046805746899,0.28609269379862656,0.8876190476190476,0.8519195612431444,0.8694029850746269,0.7984361424847958,0.8948393378773125,0.8438934802571166,0.8272727272727273,0.6319444444444444,0.7165354330708661,"[[466, 80, 1], [52, 919, 56], [7, 152, 273]]",True
features_plus_source_dx_forecast,hist_gradient_boosting,validation,2006,0.8320039880358924,0.8089883637312459,0.8204160477478698,0.7228150252328525,0.9231047390621518,0.5426609519621829,0.275477713532462,0.8859315589353612,0.8519195612431444,0.8685927306616962,0.8155515370705244,0.878286270691334,0.8457571495546179,0.8048128342245989,0.6967592592592593,0.7468982630272953,"[[466, 80, 1], [53, 902, 72], [7, 124, 301]]",True
