ablation,model,split,n_rows,accuracy,balanced_accuracy,macro_f1,cohen_kappa,roc_auc_ovr,log_loss,brier_score,precision_class_0,recall_class_0,f1_class_0,precision_class_1,recall_class_1,f1_class_1,precision_class_2,recall_class_2,f1_class_2,confusion_matrix
features_plus_source_dx_forecast,logistic_regression,validation,2006,0.8325024925224327,0.7970807684363211,0.8156668676955716,0.7199481126862155,0.9272679053114076,0.46295676647077205,0.25802828111356735,0.8878326996197718,0.8537477148080439,0.8704566635601119,0.8017241379310345,0.9055501460564752,0.850480109739369,0.853125,0.6319444444444444,0.726063829787234,"[[467, 78, 2], [52, 930, 45], [7, 152, 273]]"
features_plus_source_dx_forecast,random_forest,validation,2006,0.8315054835493519,0.8001701289109014,0.8165989282744217,0.7194735256832483,0.9221336945441756,0.5607097141243124,0.26253000720062036,0.8876190476190476,0.8519195612431444,0.8694029850746269,0.8048993875765529,0.8958130477117819,0.847926267281106,0.834319526627219,0.6527777777777778,0.7324675324675325,"[[466, 80, 1], [52, 920, 55], [7, 143, 282]]"
features_plus_source_dx_forecast,hist_gradient_boosting,validation,2006,0.8320039880358924,0.8089883637312459,0.8204160477478698,0.7228150252328525,0.9231047390621518,0.5426609519621829,0.275477713532462,0.8859315589353612,0.8519195612431444,0.8685927306616962,0.8155515370705244,0.878286270691334,0.8457571495546179,0.8048128342245989,0.6967592592592593,0.7468982630272953,"[[466, 80, 1], [53, 902, 72], [7, 124, 301]]"
