fold,model,n_subjects,accuracy,balanced_accuracy,macro_f1,cohen_kappa,roc_auc_ovr,log_loss,brier_score,precision_class_0,recall_class_0,f1_class_0,precision_class_1,recall_class_1,f1_class_1,precision_class_2,recall_class_2,f1_class_2,confusion_matrix
1,hist_gradient_boosting,275,0.8245324532453245,0.8156431160645538,0.8167895768088845,0.720058668055572,0.92683087110583,0.49962771202913153,0.2696795444640473,0.882745471877979,0.8852772466539197,0.8840095465393795,0.8250696378830084,0.8320224719101124,0.8285314685314685,0.7462121212121212,0.7296296296296296,0.7378277153558053,"[[926, 108, 12], [110, 1481, 189], [13, 206, 591]]"
2,hist_gradient_boosting,276,0.7997799779977998,0.79986217512609,0.8011966563345408,0.6935922661856764,0.9227756419392513,0.5623719944012068,0.3089294625817249,0.8471615720524017,0.8842297174111212,0.8652988403211418,0.7654952076677316,0.7855737704918033,0.7754045307443366,0.7991360691144709,0.7297830374753451,0.7628865979381443,"[[970, 121, 6], [147, 1198, 180], [28, 246, 740]]"
3,hist_gradient_boosting,276,0.8044554455445545,0.8083340232933068,0.8093001304536497,0.7013760725532975,0.9277315349124434,0.5376441666080483,0.3008275795106832,0.8670465337132004,0.8950980392156863,0.8808490110950313,0.7605095541401274,0.7923025879230259,0.7760805979850504,0.807502467917078,0.7376014427412083,0.7709707822808671,"[[913, 100, 7], [125, 1194, 188], [15, 276, 818]]"
4,hist_gradient_boosting,276,0.833058305830583,0.8194479431850038,0.8265426076215406,0.7418430707201146,0.9368969821844052,0.48261453923340153,0.2574871384357382,0.8817591925018025,0.9092936802973978,0.8953147877013177,0.779016393442623,0.8296089385474861,0.803517078119716,0.8535911602209945,0.719441210710128,0.7807959570435882,"[[1223, 115, 7], [145, 1188, 99], [19, 222, 618]]"
5,hist_gradient_boosting,276,0.8583608360836084,0.8567248443166569,0.8591348128599404,0.7797674017083804,0.9523122990207581,0.38392666215829263,0.21709546375836136,0.9009345794392524,0.9260326609029779,0.9133112269066793,0.8343230403800475,0.8567073170731707,0.8453670276774969,0.8526077097505669,0.787434554973822,0.8187261839956451,"[[964, 76, 1], [106, 1405, 129], [0, 203, 752]]"
