eligible_subjects,converters,non_converters,censored_subjects,horizon_months,class_prevalence,age_mean,education_mean,female_fraction,feature_missing_rate
891,136,755,9,12,0.1526374859708193,73.27878787878788,15.94388327721661,0.4051627384960718,0.05761316872427982
807,234,573,93,24,0.2899628252788104,73.00582403965304,16.06443618339529,0.4076827757125155,0.056092523750516314
727,286,441,173,36,0.39339752407152684,72.83768913342503,16.030261348005503,0.40715268225584594,0.0551123337918386
609,317,292,291,48,0.5205254515599343,72.75894909688013,15.970443349753694,0.4072249589490969,0.04926108374384237
