{
  "n_rows": 5389,
  "n_columns": 51,
  "n_subjects": 759,
  "label_distribution": {
    "NL": 2241,
    "<missing>": 1785,
    "Dementia": 1125,
    "MCI": 112,
    "NL to MCI": 83,
    "MCI to Dementia": 30,
    "Dementia to MCI": 5,
    "MCI to NL": 5,
    "NL to Dementia": 3
  },
  "numeric_columns": 39,
  "categorical_columns": 12,
  "high_missing_columns": [],
  "missing_rate_by_column": {
    "Entorhinal": 0.5043607348302097,
    "MidTemp": 0.5043607348302097,
    "Fusiform": 0.5043607348302097,
    "Hippocampus": 0.47801076266468734,
    "Ventricles": 0.4303210243087771,
    "WholeBrain": 0.4115791426980887,
    "ICV": 0.38986825013917237,
    "RAVLT_perc_forgetting": 0.34626090183707553,
    "ADAS13": 0.3399517535720913,
    "RAVLT_forgetting": 0.33976619038782707,
    "RAVLT_immediate": 0.33809612172944886,
    "RAVLT_learning": 0.33809612172944886,
    "DXCHANGE": 0.3316014102802004,
    "ADAS11": 0.3314158470959362,
    "DX": 0.3312302839116719,
    "CDRSB": 0.33048803117461495,
    "MMSE": 0.329745778437558,
    "Fusiform_bl": 0.13453330859157542,
    "Entorhinal_bl": 0.13453330859157542,
    "MidTemp_bl": 0.13453330859157542,
    "Hippocampus_bl": 0.12673965485247726,
    "FLDSTRENG_bl": 0.09983299313416218,
    "Ventricles_bl": 0.04323622193356838,
    "WholeBrain_bl": 0.021154203006123584,
    "RAVLT_perc_forgetting_bl": 0.009834848766004824,
    "ICV_bl": 0.00946372239747634,
    "FSVERSION_bl": 0.00946372239747634,
    "RAVLT_forgetting_bl": 0.006494711449248469,
    "RAVLT_learning_bl": 0.006494711449248469,
    "RAVLT_immediate_bl": 0.006494711449248469,
    "ADAS13_bl": 0.006309148264984227,
    "ADAS11_bl": 0.001298942289849694,
    "FAQ_bl": 0.001113379105585452,
    "APOE4": 0.001113379105585452,
    "RID": 0.0,
    "AGE": 0.0,
    "PTGENDER": 0.0,
    "PTEDUCAT": 0.0,
    "PTMARRY": 0.0,
    "COLPROT": 0.0,
    "ORIGPROT": 0.0,
    "EXAMDATE": 0.0,
    "DX_bl": 0.0,
    "D1": 0.0,
    "D2": 0.0,
    "SITE": 0.0,
    "VISCODE": 0.0,
    "PTID": 0.0,
    "EXAMDATE_bl": 0.0,
    "CDRSB_bl": 0.0,
    "MMSE_bl": 0.0
  },
  "duplicate_subject_visit_rows": 0
}