modality,importance
cognitive,0.8001954002490488
mri_derived,0.14219802634677892
demographic,0.04908313475517126
genetic,0.008523438649000703
