split,subjects,pairs,pairs_per_subject_mean,CN,MCI,AD
train,1122,18628,16.602495543672013,6011,8123,4494
val,166,2492,15.012048192771084,791,862,839
test,323,5148,15.938080495356036,1707,2318,1123
