{
  "accuracy": 0.9364161849710982,
  "balanced_accuracy": 0.9203720794676252,
  "macro_f1": 0.9305583293474643,
  "cohen_kappa": 0.8960620459883117,
  "roc_auc_ovr": 0.9793923567871953,
  "log_loss": 0.36815152358234915,
  "brier_score": 0.11760392624055248,
  "precision_class_0": 0.9801980198019802,
  "recall_class_0": 0.9428571428571428,
  "f1_class_0": 0.9611650485436893,
  "precision_class_1": 0.912568306010929,
  "recall_class_1": 0.9653179190751445,
  "f1_class_1": 0.9382022471910112,
  "precision_class_2": 0.9354838709677419,
  "recall_class_2": 0.8529411764705882,
  "f1_class_2": 0.8923076923076924,
  "confusion_matrix": "[[99, 6, 0], [2, 167, 4], [0, 10, 58]]",
  "model": "hist_gradient_boosting",
  "seed": 43,
  "task_mode": "baseline_only",
  "missing_indicators": true,
  "n_features": 69,
  "n_train_subjects": 1211,
  "n_val_subjects": 173,
  "n_test_subjects": 346,
  "n_train_visits": 1211,
  "n_val_visits": 173,
  "n_test_visits": 346,
  "train_macro_f1": 1.0,
  "val_macro_f1": 0.9507101086048455
}