modality,importance
cognitive,0.6993337395625644
mri_structural,0.1781258229204532
demographic,0.016871500137233552
genetic,0.0045018433624298025
pet_amyloid,0.0026748321889406013
pet_fdg,0.0020521346845903564
