measure,mean,std
max_probability,0.8545691941183365,0.12010935864188517
predictive_entropy,0.3990702559769905,0.23866015316218575
probability_margin,0.7269911381182198,0.2289706100046463
