horizon_months,model,split,n_subjects,roc_auc,pr_auc,accuracy,balanced_accuracy,macro_f1,sensitivity,specificity,ppv,npv,brier_score,log_loss
12,logistic_regression,locked_temporal_test,68,0.7627118644067796,0.4736190695014224,0.75,0.6205273069679849,0.5834234234234235,0.4444444444444444,0.7966101694915254,0.25,0.9038461538461539,0.15117191111588726,0.4483875055296966
24,logistic_regression,locked_temporal_test,53,0.7973856209150327,0.6994935112032035,0.7547169811320755,0.7263071895424837,0.7227364185110664,0.6470588235294118,0.8055555555555556,0.6111111111111112,0.8285714285714286,0.17008405614456557,0.5030333808079986
36,logistic_regression,locked_temporal_test,44,0.803921568627451,0.7697877907829971,0.75,0.7309368191721133,0.7333333333333334,0.6470588235294118,0.8148148148148148,0.6875,0.7857142857142857,0.16833411663747705,0.49797235911868926
48,logistic_regression,locked_temporal_test,22,0.6944444444444444,0.9193003156496449,0.6363636363636364,0.6805555555555556,0.5809523809523809,0.6111111111111112,0.75,0.9166666666666666,0.3,0.24519429694999764,0.689121562222663
