model,split,n_rows,n_subjects,accuracy,balanced_accuracy,macro_f1,cohen_kappa,roc_auc_ovr,log_loss,brier_score,precision_class_0,recall_class_0,f1_class_0,precision_class_1,recall_class_1,f1_class_1,precision_class_2,recall_class_2,f1_class_2,confusion_matrix
hist_gradient_boosting,locked_temporal_test,893,232,0.883538633818589,0.8780079167817361,0.8813447344437649,0.8222150755000153,0.9583458817376157,0.37274493277077264,0.19032223261839187,0.9177215189873418,0.9666666666666667,0.9415584415584416,0.8446866485013624,0.8732394366197183,0.8587257617728532,0.9,0.7941176470588235,0.84375,"[[290, 10, 0], [24, 310, 21], [2, 47, 189]]"
